<!DOCTYPE suite SYSTEM "https://testng.org/testng-1.0.dtd" >
<suite name="DemoWebShopSuite" parallel="tests" thread-count="3">

    <!-- Test block for Registration only -->
    <test name="RegistrationTests">
        <groups>
            <run>
                <include name="registration"/>
            </run>
        </groups>
        <classes>
            <class name="tests.DemoWebShopTests"/>
        </classes>
    </test>

    <!-- Test block for Login only -->
    <test name="LoginTests">
        <groups>
            <run>
                <include name="login"/>
            </run>
        </groups>
        <classes>
            <class name="tests.DemoWebShopTests"/>
        </classes>
    </test>

    <!-- Test block for Search only -->
    <test name="SearchTests">
        <groups>
            <run>
                <include name="search"/>
            </run>
        </groups>
        <classes>
            <class name="tests.DemoWebShopTests"/>
        </classes>
    </test>

</suite>
